sparsity,ppl
0.6,6.347398376659959
0.7,6.4365000320580625
0.8,6.653304826324377
0.9,7.493105683268643
0.95,9.409761421320335
